UserName,Email,Password,FirstName,LastName,Phone
kenneth41,alisha83@martinez.com,f_U5XX4gs),Christopher,Livingston,9154292470
brendawilliams,amartinez@bell-gray.org,_6SeU9w(Ug,Thomas,Costa,6030278120
cody52,david74@foster.com,Nbf@qh2c$7,Kelsey,Nielsen,2656076549
ernest31,sharon10@duarte.com,!6G4SkzKUT,David,Porter,1550562721
teresaevans,millerrachel@walker.net,+3fABozHv%,Paul,Clay,8485751802
grantmichelle,lindawilson@gibson-villanueva.org,*2qNdhx2qb,Paul,Lawson,8040619598
mullinscory,patricklevy@gmail.com,w)1y7ifuVH,Whitney,Valdez,4564767193
ymartinez,morgantracey@ford.com,)8wN8nMyJe,Michael,Ayers,6193451218
ywilliams,todd81@scott-cole.com,6m8Lzucfx+,Derek,Johnson,8190337824
ashleepowers,nwallace@yahoo.com,qK0gErzD#r,Ivan,Cooper,5043963752
james67,dianaberger@yahoo.com,&8mX$XBu0p,Joe,Russell,2739774049
zoe99,riosbarbara@yahoo.com,%N2W2IxV_^,Johnathan,Fields,8381741124
angela59,matthewsmonica@gmail.com,$3hjlAEr8u,Angela,Carr,4182240295
phillipchen,pmartin@williams.com,T#0IM0fc)(,Elizabeth,Aguilar,0847289075
umiranda,castillomegan@reid-miller.com,H0nFFEwc*3,Krystal,Jackson,3157967988
tsanchez,michaelstevens@williams.com,Cx5ZHcd)*9,James,Martin,9258142343
lisaperez,xroberts@hotmail.com,5@O0HA$sl_,Ashley,Thompson,6045815630
anunez,jessicajohnson@yahoo.com,o6x7Y03X)s,Tony,Watson,0221976558
justinward,jeffrey45@hotmail.com,tV@M0J7oLO,Corey,Luna,1624838475
mistyrodriguez,juliebryant@stephens.com,W0&Ho8y4_!,Alexander,Nunez,2171721567
kyleortega,yjohnson@martin.info,3lPbHo_D&4,Kenneth,Johnson,0304639682
olivia37,kristinaosborne@hotmail.com,I@v@c6Lk*A,John,Braun,2369244237
yjones,edwardschristopher@gmail.com,_5y4Z_Jv!F,Lauren,Campos,8653215214
millereric,brandon38@gibbs-boyd.com,#9ryLC5Eha,Tonya,Tran,5465132306
richardsrandall,qguerrero@yahoo.com,$4#LBRySl8,Lisa,Crawford,8721926545
joel93,abell@martinez-juarez.org,)8HwbEMnw#,James,Miller,1394996306
munozjeffrey,martin28@davis.com,d8OIfnqT!e,Steven,Armstrong,3841375384
xsmith,smithmarc@hotmail.com,*b8t2PsB3%,Brian,Hess,4104263189
jamesthornton,tanyadixon@williams-booker.com,(!WtVS1pV6,Martin,Jacobs,5289051215
brendafields,nancy12@morris.com,x(2T6Gt&V*,Elizabeth,Morgan,8912005275
shelley06,christopher84@yahoo.com,+a$u3B2w8+,Devin,Baker,5416626709
paulbradshaw,aliciasimmons@lee.com,_8)02Oz@5m,Crystal,Benson,6306525606
dennisroberson,abigail59@carr.info,joFR8%Bf*(,Glenda,Sharp,1990239711
vargaskarla,troy84@gmail.com,@9lLoOpcf1,Kyle,White,7649126448
cfry,juliemartin@hotmail.com,&bYbY)vy8O,Jordan,Green,7187740383
gsmith,shelby45@simpson.info,7e7C2iMF*6,Michael,Smith,6626337837
reevesgregory,reedrandy@fuller-howard.com,p&9XO0wtke,Rita,Reed,1939696629
sarah84,brianreyes@gmail.com,@1BuKaX_s^,Steven,Gomez,0340115725
rcox,pbradley@valenzuela.com,#*3JZJZpDx,Erika,Reyes,9116033804
wwarner,adkinschad@gmail.com,$ZA8+9Kfvd,Maria,Johnson,0058334162
reyeslori,westangela@lee.com,gm9zfWrFe#,Christopher,Martin,4874182383
rmcdonald,josephbruce@hotmail.com,%%OVbOrG6A,Heidi,Mendez,0071297847
tammy37,xoliver@gmail.com,AUjOs&hM$3,Erin,Hoffman,3986741756
megan07,kimlinda@gmail.com,d39ZlNkq&l,Richard,Dixon,5752699332
gmendoza,drakekathleen@snyder-small.biz,#3b9bsCFZp,Jonathan,Robinson,7175465767
kenneth39,xwelch@romero.com,JMF7VDaaS#,Charles,Montoya,9812900878
vkirk,hhardy@gmail.com,r0@vUUjx(a,Jeffery,Taylor,5182788295
dennisallen,brucebetty@gmail.com,(x9M_u2N@@,Mark,Hoffman,9029249731
jtaylor,garrettjacob@kramer-kline.com,ux8Lmv@o+A,Sydney,Bauer,0056574131
deanna02,torresjohn@pratt.com,t3PERrQx%u,Diana,Roberts,8598364557
