﻿reviewID,userName,createdTime,Content,Rating,HotelID, Service,Cleanliness,Location,Sleep_quality
1,mbssytZvoD,2/15/24 5:18,Disappointed by the cleanliness of the room. Expected better standards for the price.,4,,9,6.7,3.6,6.7
2,Ei2WqjpWkX3S,2/16/24 5:18,Noise from the street made it hard to sleep at night. Would recommend asking for a room on a higher floor.,5,,8,6.3,3.5,6.3
3,yFLXnooP,2/17/24 5:18,Exceptional service! The staff made sure our stay was comfortable and memorable.,2,,7,5.9,3.5,5.9
4,imWv1bxw,2/18/24 5:18,"The room was spacious and well-appointed, with breathtaking views of the city skyline.",4,,6,4.5,2.4,4.5
5,o9Xub,2/19/24 5:18,Luxurious experience from start to finish. The spa services are a must-try.,5,,5,4.5,1.5,4.5
6,TIvTBJhHLD,2/20/24 5:18,"WiFi was slow and unreliable, which was frustrating during my business trip.",1,,4.5,3.6,6.7,3.6
7,gkLrNu61,2/21/24 5:18,"The pool area was overcrowded and not as clean as I would have hoped. Overall, an average experience.",2,,6.7,3.5,6.3,3.5
8,yIBzxmDTnbl,2/22/24 5:18,"The breakfast buffet was outstanding, with a wide variety of choices to suit all tastes.",3.3,,5.9,3.5,5.9,3.5
9,u0Qt4PKI2,2/23/24 5:18,"The hotel's location is perfect, right in the heart of downtown and close to all attractions.",4.2,,1.5,2.4,4.5,2.4
10,RLgn9E,2/24/24 5:18,"The hotel's historic charm is undeniable, but it could use some updates to amenities and decor.",3.9,,6.3,1.5,4.5,1.5